{"cameraMode":{"drawMode":0,"name":"Shaded","section":"Shading Mode"},"sceneLighting":true,"audioPlay":false,"sceneViewState":{"showFog":true,"showMaterialUpdate":false,"showSkybox":true,"showFlares":true,"showImageEffects":true,"showParticleSystems":true},"in2DMode":false,"pivot":{"x":-0.00000858306884765625,"y":0.5247381925582886,"z":8.185812950134278},"rotation":{"x":0.6518707275390625,"y":0.021602971479296685,"z":-0.018583331257104875,"w":0.7577943205833435},"size":8.236124038696289,"orthographic":true}